ssim,psnr,mse,fsim,vif,ms_ssim,vsi,gmsd,lpips,pieapp,dists
0.0351962000132,13.7688236237,0.0419872589409,0.713564634323,0.00034563295776,0.38088914752,0.954383909702,0.235795050859,0.699144899845,3.03492093086,0.776193141937
