ssim,psnr,mse,fsim,vif,ms_ssim,vsi,gmsd,lpips,pieapp,dists
0.0514148920774,16.1355133057,0.0243471655995,0.742706716061,0.00052370945923,0.409713983536,0.959465444088,0.232713550329,0.659004092216,2.74576878548,0.782679617405
