ssim,psnr,mse,fsim,vif,ms_ssim,vsi,gmsd,lpips,pieapp,dists
0.0138308182359,9.25720405579,0.11865323782,0.547661066055,0.00017834699247,0.285732090473,0.921614944935,0.288310408592,0.69879090786,3.50979971886,0.764803171158
