ssim,psnr,mse,fsim,vif,ms_ssim,vsi,gmsd,lpips,pieapp,dists
0.011185514740645885,7.8327836990356445,0.1647106260061264,0.49297386407852173,0.00044871948193758726,0.2553918659687042,0.8875154256820679,0.3083743155002594,0.7145906090736389,3.40993070602417,0.7716131210327148
