ssim,psnr,mse,fsim,vif,ms_ssim,vsi,gmsd,lpips,pieapp,dists
0.02005009911954403,9.888455390930176,0.10260166972875595,0.5644410848617554,0.0002324407105334103,0.2601081430912018,0.9135935306549072,0.2954181432723999,0.7196403741836548,4.104399681091309,0.7770547866821289
