ssim,psnr,mse,fsim,vif,ms_ssim,vsi,gmsd,lpips,pieapp,dists
0.0479773171246,15.5063724518,0.0281424969435,0.735490500927,0.000318737816997,0.426026195288,0.959147393703,0.212532103062,0.671046853065,2.16537213326,0.749480962753
