ssim,psnr,mse,fsim,vif,ms_ssim,vsi,gmsd,lpips,pieapp,dists
0.0127531252801,10.10272789,0.0976623520255,0.547972559929,0.000229951008805,0.244791194797,0.918387055397,0.306320786476,0.692417383194,3.29902839661,0.788785457611
