ssim,psnr,mse,ms_ssim
0.6273142099380493,19.547916412353516,0.011097060516476631,0.9139559268951416
