ssim,psnr,mse,fsim,vif,ms_ssim,vsi,gmsd,lpips,pieapp,dists
0.0096886837855,9.76627922058,0.105529069901,0.591298222542,0.000355923228199,0.233264684677,0.91396009922,0.314580321312,0.715164422989,4.15711641312,0.811364352703
