ssim,psnr,mse,fsim,vif,ms_ssim,vsi,gmsd,lpips,pieapp,dists
0.00739737367257,9.8943862915,0.102461658418,0.558446645737,0.000285270594759,0.265279889107,0.866878509521,0.28465116024,0.823246598244,5.49997520447,0.786996483803
