ssim,psnr,mse,fsim,vif,ms_ssim,vsi,gmsd,lpips,pieapp,dists
0.0107659474015,9.94413661957,0.101294599473,0.5916467309,0.00035540771205,0.235882997513,0.914521455765,0.314047425985,0.711776077747,4.10638046265,0.813626050949
