ssim,psnr,mse,fsim,vif,ms_ssim,vsi,gmsd,lpips,pieapp,dists
0.0097375176847,7.87231636047,0.163218095899,0.54267591238,0.000253786536632,0.203236266971,0.9096981287,0.330699473619,0.712211370468,4.38872146606,0.7989320755
