ssim,psnr,mse,fsim,vif,ms_ssim,vsi,gmsd,lpips,pieapp,dists
0.0207503214478,11.325463295,0.0736976489425,0.608779907227,0.000580767926294,0.344425082207,0.930713653564,0.271641075611,0.704842448235,2.31919455528,0.759021699429
