ssim,psnr,mse,fsim,vif,ms_ssim,vsi,gmsd,lpips,pieapp,dists
0.0347238145769,13.2789211273,0.0470010749996,0.66944783926,0.000279449421214,0.357445240021,0.944394290447,0.248550474644,0.692299246788,2.84434819221,0.760509669781
