ssim,psnr,mse,fsim,vif,ms_ssim,vsi,gmsd,lpips,pieapp,dists
0.0153843313456,13.0802640915,0.0492009520531,0.622089505196,0.000360768171959,0.308100342751,0.885708153248,0.278045505285,0.761326313019,4.5792555809,0.777945935726
