ssim,psnr,mse,fsim,vif,ms_ssim,vsi,gmsd,lpips,pieapp,dists
0.0155014665797,10.1684055328,0.0961965247989,0.546766757965,0.000229305267567,0.244462832808,0.917831480503,0.306034982204,0.690631985664,3.31015586853,0.789130151272
