ssim,psnr,mse,fsim,vif,ms_ssim,vsi,gmsd,lpips,pieapp,dists
0.0138055263087,9.25288105011,0.118771381676,0.547632157803,0.000178282527486,0.285606086254,0.921216309071,0.288379698992,0.699229121208,3.52190756798,0.762615501881
