ssim,psnr,mse,fsim,vif,ms_ssim,vsi,gmsd,lpips,pieapp,dists
0.0113139124587,11.6315937042,0.068681627512,0.586313724518,0.000203243864235,0.337484717369,0.877483963966,0.252110511065,0.825665652752,5.15980815887,0.756778776646
