ssim,psnr,mse,fsim,vif,ms_ssim,vsi,gmsd,lpips,pieapp,dists
0.0306693110615,13.3170833588,0.0465898811817,0.678726434708,0.000439239141997,0.33206191659,0.939653813839,0.270719826221,0.700494647026,3.74948191643,0.80042886734
