ssim,psnr,mse,fsim,vif,ms_ssim,vsi,gmsd,lpips,pieapp,dists
0.0139730842784,11.2998819351,0.0741330310702,0.568213284016,0.000266353832558,0.277136236429,0.876883327961,0.287232428789,0.777955949306,4.86804628372,0.784245491028
