ssim,psnr,mse,fsim,vif,ms_ssim,vsi,gmsd,lpips,pieapp,dists
0.00779382279143,11.2450008392,0.0750757977366,0.619939506054,0.000398730742745,0.301012575626,0.889864265919,0.284848630428,0.776168584824,4.64040899277,0.797218263149
