ssim,psnr,mse,fsim,vif,ms_ssim,vsi,gmsd,lpips,pieapp,dists
0.0105680720881,12.2451791763,0.0596323497593,0.587358653545,0.000267380790319,0.319155216217,0.884200632572,0.267096072435,0.817153811455,4.5764336586,0.78271907568
