ssim,psnr,mse,fsim,vif,ms_ssim,vsi,gmsd,lpips,pieapp,dists
0.0425652079284,14.7578029633,0.0334364026785,0.741689026356,0.000246477255132,0.44874843955,0.958986639977,0.196271657944,0.680602967739,2.34854054451,0.724734425545
