ssim,psnr,mse,fsim,vif,ms_ssim,vsi,gmsd,lpips,pieapp,dists
0.0296358764172,13.6803607941,0.0428512878716,0.679628431797,0.000701425538864,0.407160788774,0.949866294861,0.23905326426,0.675829648972,1.82521700859,0.741272211075
