ssim,psnr,mse,fsim,vif,ms_ssim,vsi,gmsd,lpips,pieapp,dists
0.0207527913153,11.3228473663,0.0737420544028,0.609358131886,0.000577662256546,0.344499617815,0.930903017521,0.270910143852,0.706998944283,2.31972146034,0.755862593651
