ssim,psnr,mse,fsim,vif,ms_ssim,vsi,gmsd,lpips,pieapp,dists
0.0138311116025,10.1220083237,0.0972297415137,0.54706299305,0.000230549703701,0.244767859578,0.918451666832,0.306174874306,0.691611647606,3.30569338799,0.789643406868
