ssim,psnr,mse,fsim,vif,ms_ssim,vsi,gmsd,lpips,pieapp,dists
0.0173295270652,12.5412225723,0.0557028837502,0.619072318077,0.000185610711924,0.359165042639,0.887520253658,0.244998157024,0.764711141586,4.19870471954,0.748919129372
