ssim,psnr,mse,fsim,vif,ms_ssim,vsi,gmsd,lpips,pieapp,dists
0.0122530162334,9.69565296173,0.107259221375,0.552955210209,0.000498092151247,0.29949811101,0.911436498165,0.29111918807,0.721962571144,2.82322788239,0.767843723297
