ssim,psnr,mse,fsim,vif,ms_ssim,vsi,gmsd,lpips,pieapp,dists
0.0140703869984,9.22817707062,0.119448937476,0.546414852142,0.000178058442543,0.28451320529,0.920823037624,0.28845050931,0.698979139328,3.52815580368,0.76526170969
