ssim,psnr,mse,fsim,vif,ms_ssim,vsi,gmsd,lpips,pieapp,dists
0.00907455477864,7.82909679413,0.164850503206,0.543163299561,0.000252091587754,0.203193068504,0.909914374352,0.330972671509,0.712999999523,4.37325429916,0.799197852612
