ssim,psnr,mse,fsim,vif,ms_ssim,vsi,gmsd,lpips,pieapp,dists
0.00983811542392,9.65717506409,0.108213752508,0.56949454546,0.00079316663323,0.226096317172,0.893545687199,0.323330432177,0.692633867264,3.61230540276,0.80768853426
