ssim,psnr,mse,fsim,vif,ms_ssim,vsi,gmsd,lpips,pieapp,dists
0.0228092297912,11.0753574371,0.0780664160848,0.640438854694,0.00030117444112,0.303439259529,0.934052288532,0.278328448534,0.723960042,4.16485595703,0.789856016636
