ssim,psnr,mse,ms_ssim
0.458144873380661,16.6606502532959,0.02157420851290226,0.6166740655899048
