ssim,psnr,mse,ms_ssim
0.5418503880500793,19.0708065032959,0.01238565519452095,0.8660570979118347
