ssim,psnr,mse,ms_ssim
0.8893436789512634,25.520898818969727,0.0028048427775502205,0.9546036124229431
