ssim,psnr,mse,ms_ssim
0.5295627117156982,18.797954559326172,0.01318876352161169,0.8657240867614746
