ssim,psnr,mse,ms_ssim
0.5892475247383118,16.73195457458496,0.021222878247499466,0.6023761630058289
