ssim,psnr,mse,ms_ssim
0.918418824672699,25.34848403930664,0.002918434562161565,0.9545288681983948
