ssim,psnr,mse,ms_ssim
0.7563281059265137,19.784381866455078,0.010509000159800053,0.8871055245399475
