ssim,psnr,mse,ms_ssim
0.7360782027244568,18.837642669677734,0.0130687914788723,0.8638147115707397
