ssim,psnr,mse,ms_ssim
0.9160609245300293,31.34273910522461,0.0007340403972193599,0.968084990978241
