ssim,psnr,mse,ms_ssim
0.6412351131439209,19.653064727783203,0.010831612162292004,0.8972830176353455
