ssim,psnr,mse,ms_ssim
0.9292039275169373,31.241662979125977,0.0007513252785429358,0.9616017937660217
