ssim,psnr,mse,fsim,vif,ms_ssim,vsi,gmsd,lpips,pieapp,dists
0.0181568656117,13.3757123947,0.0459651499987,0.621619701385,0.000236976062297,0.342054009438,0.889989674091,0.257863253355,0.74537229538,3.54587817192,0.76699090004
