ssim,psnr,mse,fsim,vif,ms_ssim,vsi,gmsd,lpips,pieapp,dists
0.0182446334511,13.3816995621,0.0459018237889,0.623071610928,0.000236721461988,0.342431664467,0.889635145664,0.257062017918,0.74688988924,3.55481743813,0.765247344971
