ssim,psnr,mse,fsim,vif,ms_ssim,vsi,gmsd,lpips,pieapp,dists
0.0354039557278,13.4159870148,0.0455408506095,0.673765778542,0.00028123264201,0.361614137888,0.94553732872,0.246275559068,0.691334784031,2.77052164078,0.759481072426
