ssim,psnr,mse,fsim,vif,ms_ssim,vsi,gmsd,lpips,pieapp,dists
0.0156639590859,13.1300888062,0.0486397184432,0.621381044388,0.0003615184105,0.309724003077,0.88647544384,0.279070526361,0.759739935398,4.51370382309,0.78350353241
