ssim,psnr,mse,fsim,vif,ms_ssim,vsi,gmsd,lpips,pieapp,dists
0.0225471090525,11.0089025497,0.0792701467872,0.639496982098,0.000300569983665,0.301464170218,0.933801591396,0.278938859701,0.723925590515,4.17996788025,0.789566397667
