ssim,psnr,mse,fsim,vif,ms_ssim,vsi,gmsd,lpips,pieapp,dists
0.0308590922505,13.3423442841,0.0463196672499,0.679189562798,0.000440382485976,0.332835584879,0.940221011639,0.270272731781,0.699541807175,3.7544157505,0.800089538097
