ssim,psnr,mse,fsim,vif,ms_ssim,vsi,gmsd,lpips,pieapp,dists
0.0329586938024,14.4191665649,0.0361479073763,0.664741516113,0.000717331946362,0.369121938944,0.946563482285,0.261424511671,0.65654706955,1.85886049271,0.76327753067
