ssim,psnr,mse,fsim,vif,ms_ssim,vsi,gmsd,lpips,pieapp,dists
0.0145362978801,11.3437252045,0.0733884051442,0.568760931492,0.000265881564701,0.277222067118,0.877290844917,0.286888659,0.779876232147,4.87201070786,0.784419536591
