ssim,psnr,mse,fsim,vif,ms_ssim,vsi,gmsd,lpips,pieapp,dists
0.0076761841774,7.47218418121,0.178970530629,0.526328265667,0.000660119985696,0.192539617419,0.890245616436,0.340137302876,0.720955073833,3.84404635429,0.798275411129
